Models,Score
Logistic Regression,0.8013483146067415
Extra Tree,0.8327715355805244
Random Forest,0.8418102372034955
Gradient Boosting,0.8451685393258426
XGBoost,0.8226966292134833
Linear SVC,0.7968414481897628
