Models,Score
Extra Tree,0.8339076154806492
Random Forest,0.833932584269663
Gradient Boosting,0.8294756554307117
XGBoost,0.8338951310861423
Logistic Regression,0.809250936329588
Linear SVC,0.8114357053682897
SVC,0.8226716604244695
